{
  "camera_matrix": [
    [
      798.9426980938493,
      0.0,
      664.5243025843698
    ],
    [
      0.0,
      800.460699470893,
      357.4593735406527
    ],
    [
      0.0,
      0.0,
      1.0
    ]
  ],
  "distortion_coefficients": [
    [
      -0.3346117846363818,
      0.13528318966088482,
      0.0005934586886184042,
      -0.00028680383384629895,
      -0.02908619990009262
    ]
  ],
  "calibration_error": 2.32710650271976,
  "image_size": [
    1280,
    720
  ],
  "square_size_mm": 27.0,
  "pattern_size": [
    9,
    6
  ]
}